_id,cities.__type,cities.className,createdAt,languages.__type,languages.className,name,objectId,provinces.__type,provinces.className,timezones.__type,timezones.className,updatedAt
63e1a19f3b5317047d4924d6,Relation,Continentscountriescities_City,2019-12-09T21:04:54.350Z,Relation,Continentscountriescities_Language,Andorra,sv7fjDVISU,Relation,Continentscountriescities_Subdivisions_States_Provinces,Relation,Timezone_Time_Zones_Dataset,2020-04-13T18:18:18.830Z
63e1a19f3b5317047d4924d7,Relation,Continentscountriescities_City,2019-12-09T21:14:43.110Z,Relation,Continentscountriescities_Language,Bolivia,PdgGA5Y5Tt,Relation,Continentscountriescities_Subdivisions_States_Provinces,Relation,Timezone_Time_Zones_Dataset,2020-04-13T18:19:10.703Z
63e1a19f3b5317047d4924d8,Relation,Continentscountriescities_City,2019-12-09T21:13:49.022Z,Relation,Continentscountriescities_Language,Bahrain,gXKD3sCcJI,Relation,Continentscountriescities_Subdivisions_States_Provinces,Relation,Timezone_Time_Zones_Dataset,2020-04-13T18:16:30.086Z
63e1a19f3b5317047d4924d9,Relation,Continentscountriescities_City,2019-12-09T21:05:58.302Z,Relation,Continentscountriescities_Language,Armenia,hVs5HyPvID,Relation,Continentscountriescities_Subdivisions_States_Provinces,Relation,Timezone_Time_Zones_Dataset,2020-04-13T18:16:21.418Z
63e1a19f3b5317047d4924da,Relation,Continentscountriescities_City,2019-12-09T21:07:10.026Z,Relation,Continentscountriescities_Language,American Samoa,s6ejWUPV5j,Relation,Continentscountriescities_Subdivisions_States_Provinces,Relation,Timezone_Time_Zones_Dataset,2020-04-13T17:40:46.208Z
63e1a19f3b5317047d4924db,Relation,Continentscountriescities_City,2019-12-09T21:11:06.602Z,Relation,Continentscountriescities_Language,Aruba,qCMlm28jY0,Relation,Continentscountriescities_Subdivisions_States_Provinces,Relation,Timezone_Time_Zones_Dataset,2020-04-13T18:18:53.614Z
63e1a19f3b5317047d4924dc,Relation,Continentscountriescities_City,2019-12-09T21:20:00.398Z,Relation,Continentscountriescities_Language,Belize,v9SGqANrU2,Relation,Continentscountriescities_Subdivisions_States_Provinces,Relation,Timezone_Time_Zones_Dataset,2020-04-13T18:18:59.892Z
63e1a19f3b5317047d4924dd,Relation,Continentscountriescities_City,2019-12-09T21:05:33.770Z,Relation,Continentscountriescities_Language,Anguilla,8iGu4upB6j,Relation,Continentscountriescities_Subdivisions_States_Provinces,Relation,Timezone_Time_Zones_Dataset,2020-04-13T18:18:48.679Z
63e1a19f3b5317047d4924de,Relation,Continentscountriescities_City,2019-12-09T21:12:02.920Z,Relation,Continentscountriescities_Language,Barbados,27DB6uofpp,Relation,Continentscountriescities_Subdivisions_States_Provinces,Relation,Timezone_Time_Zones_Dataset,2020-04-13T18:18:33.149Z
63e1a19f3b5317047d4924df,Relation,Continentscountriescities_City,2019-12-10T02:24:55.146Z,Relation,Continentscountriescities_Language,Grenada,8DHNNAHDXI,Relation,Continentscountriescities_Subdivisions_States_Provinces,Relation,Timezone_Time_Zones_Dataset,2020-04-13T18:18:58.431Z
63e1a19f3b5317047d4924e0,Relation,Continentscountriescities_City,2019-12-09T21:05:01.909Z,Relation,Continentscountriescities_Language,United Arab Emirates,VqASvLCk8S,Relation,Continentscountriescities_Subdivisions_States_Provinces,Relation,Timezone_Time_Zones_Dataset,2020-04-13T18:16:30.823Z
63e1a19f3b5317047d4924e1,Relation,Continentscountriescities_City,2019-12-09T21:22:46.742Z,Relation,Continentscountriescities_Language,Switzerland,c2ZdW21DZq,Relation,Continentscountriescities_Subdivisions_States_Provinces,Relation,Timezone_Time_Zones_Dataset,2020-04-13T18:18:11.101Z
63e1a19f3b5317047d4924e2,Relation,Continentscountriescities_City,2019-12-09T21:13:58.266Z,Relation,Continentscountriescities_Language,Burundi,qEgnSc4sip,Relation,Continentscountriescities_Subdivisions_States_Provinces,Relation,Timezone_Time_Zones_Dataset,2020-04-13T18:16:38.737Z
63e1a19f3b5317047d4924e3,Relation,Continentscountriescities_City,2019-12-09T21:22:11.038Z,Relation,Continentscountriescities_Language,Democratic Republic of the Congo,7UlxnC5LyT,Relation,Continentscountriescities_Subdivisions_States_Provinces,Relation,Timezone_Time_Zones_Dataset,2020-04-13T18:16:22.911Z
63e1a19f3b5317047d4924e4,Relation,Continentscountriescities_City,2019-12-09T21:14:06.575Z,Relation,Continentscountriescities_Language,Benin,zVrvUTYEeC,Relation,Continentscountriescities_Subdivisions_States_Provinces,Relation,Timezone_Time_Zones_Dataset,2020-04-13T18:17:56.261Z
63e1a19f3b5317047d4924e5,Relation,Continentscountriescities_City,2019-12-10T02:26:20.066Z,Relation,Continentscountriescities_Language,Greenland,S3kieBKF1Q,Relation,Continentscountriescities_Subdivisions_States_Provinces,Relation,Timezone_Time_Zones_Dataset,2020-04-13T18:18:38.191Z
63e1a19f3b5317047d4924e6,Relation,Continentscountriescities_City,2019-12-09T21:06:12.646Z,Relation,Continentscountriescities_Language,Angola,khAszEtDXl,Relation,Continentscountriescities_Subdivisions_States_Provinces,Relation,Timezone_Time_Zones_Dataset,2020-04-13T18:18:30.353Z
63e1a19f3b5317047d4924e7,Relation,Continentscountriescities_City,2019-12-09T21:11:42.389Z,Relation,Continentscountriescities_Language,Bosnia and Herzegovina,OWstcXnnAs,Relation,Continentscountriescities_Subdivisions_States_Provinces,Relation,Timezone_Time_Zones_Dataset,2020-04-13T18:18:29.313Z
63e1a19f3b5317047d4924e8,Relation,Continentscountriescities_City,2019-12-09T21:14:32.095Z,Relation,Continentscountriescities_Language,Brunei,W1DBYJ0DT4,Relation,Continentscountriescities_Subdivisions_States_Provinces,Relation,Timezone_Time_Zones_Dataset,2020-04-13T18:17:25.461Z
63e1a19f3b5317047d4924e9,Relation,Continentscountriescities_City,2019-12-10T02:26:29.222Z,Relation,Continentscountriescities_Language,Gambia,DGGLf2Q1tS,Relation,Continentscountriescities_Subdivisions_States_Provinces,Relation,Timezone_Time_Zones_Dataset,2020-04-13T18:17:59.790Z
63e1a19f3b5317047d4924ea,Relation,Continentscountriescities_City,2019-12-09T21:12:27.969Z,Relation,Continentscountriescities_Language,Belgium,TySeDEiFtc,Relation,Continentscountriescities_Subdivisions_States_Provinces,Relation,Timezone_Time_Zones_Dataset,2020-04-13T18:18:14.284Z
63e1a19f3b5317047d4924eb,Relation,Continentscountriescities_City,2019-12-09T21:18:59.690Z,Relation,Continentscountriescities_Language,Bhutan,ZvhrzA2APU,Relation,Continentscountriescities_Subdivisions_States_Provinces,Relation,Timezone_Time_Zones_Dataset,2020-04-13T18:17:07.597Z
63e1a19f3b5317047d4924ec,Relation,Continentscountriescities_City,2019-12-09T21:13:24.159Z,Relation,Continentscountriescities_Language,Bulgaria,LHOE9MSsmI,Relation,Continentscountriescities_Subdivisions_States_Provinces,Relation,Timezone_Time_Zones_Dataset,2020-04-13T18:16:49.432Z
63e1a19f3b5317047d4924ed,Relation,Continentscountriescities_City,2019-12-09T21:14:15.129Z,Relation,Continentscountriescities_Language,Saint Barthélemy,akNOeSv404,Relation,Continentscountriescities_Subdivisions_States_Provinces,Relation,Timezone_Time_Zones_Dataset,2020-04-13T18:18:57.046Z
63e1a19f3b5317047d4924ee,Relation,Continentscountriescities_City,2019-12-09T21:05:26.074Z,Relation,Continentscountriescities_Language,Antigua and Barbuda,I8RkNYNHa4,Relation,Continentscountriescities_Subdivisions_States_Provinces,Relation,Timezone_Time_Zones_Dataset,2020-04-13T18:18:51.519Z
63e1a19f3b5317047d4924ef,Relation,Continentscountriescities_City,2019-12-10T02:48:47.746Z,Relation,Continentscountriescities_Language,Honduras,pM1H87l6Bm,Relation,Continentscountriescities_Subdivisions_States_Provinces,Relation,Timezone_Time_Zones_Dataset,2020-04-13T18:19:02.066Z
63e1a19f3b5317047d4924f0,Relation,Continentscountriescities_City,2019-12-09T21:11:14.710Z,Relation,Continentscountriescities_Language,Åland,uvRzGTBaqW,Relation,Continentscountriescities_Subdivisions_States_Provinces,Relation,Timezone_Time_Zones_Dataset,2020-04-13T18:16:46.630Z
63e1a19f3b5317047d4924f1,Relation,Continentscountriescities_City,2019-12-09T21:22:35.834Z,Relation,Continentscountriescities_Language,Republic of the Congo,5jipXp430E,Relation,Continentscountriescities_Subdivisions_States_Provinces,Relation,Timezone_Time_Zones_Dataset,2020-04-13T18:17:47.903Z
63e1a19f3b5317047d4924f2,Relation,Continentscountriescities_City,2019-12-09T21:19:12.547Z,Relation,Continentscountriescities_Language,Bouvet Island,3K9cHA3Xp8,Relation,Continentscountriescities_Subdivisions_States_Provinces,Relation,Timezone_Time_Zones_Dataset,2020-04-13T18:18:32.464Z
63e1a19f3b5317047d4924f3,Relation,Continentscountriescities_City,2019-12-09T21:20:10.062Z,Relation,Continentscountriescities_Language,Canada,mTtBWeeHCo,Relation,Continentscountriescities_Subdivisions_States_Provinces,Relation,Timezone_Time_Zones_Dataset,2020-04-13T18:19:24.219Z
63e1a19f3b5317047d4924f4,Relation,Continentscountriescities_City,2019-12-09T21:36:51.935Z,Relation,Continentscountriescities_Language,Colombia,R3I0XpBMHj,Relation,Continentscountriescities_Subdivisions_States_Provinces,Relation,Timezone_Time_Zones_Dataset,2020-04-13T18:19:06.158Z
63e1a19f3b5317047d4924f5,Relation,Continentscountriescities_City,2019-12-09T21:05:12.106Z,Relation,Continentscountriescities_Language,Afghanistan,MEzedNnNVw,Relation,Continentscountriescities_Subdivisions_States_Provinces,Relation,Timezone_Time_Zones_Dataset,2020-04-13T18:17:02.862Z
63e1a19f3b5317047d4924f6,Relation,Continentscountriescities_City,2019-12-10T02:45:17.074Z,Relation,Continentscountriescities_Language,South Georgia and the South Sandwich Islands,SyJ1XgC9NA,Relation,Continentscountriescities_Subdivisions_States_Provinces,Relation,Timezone_Time_Zones_Dataset,2020-04-13T18:18:42.907Z
63e1a19f3b5317047d4924f7,Relation,Continentscountriescities_City,2019-12-09T21:11:24.026Z,Relation,Continentscountriescities_Language,Azerbaijan,mDMzJJXtB2,Relation,Continentscountriescities_Subdivisions_States_Provinces,Relation,Timezone_Time_Zones_Dataset,2020-04-13T18:16:40.965Z
63e1a19f3b5317047d4924f8,Relation,Continentscountriescities_City,2019-12-10T02:48:33.066Z,Relation,Continentscountriescities_Language,Hong Kong,KtRJin3dy9,Relation,Continentscountriescities_Subdivisions_States_Provinces,Relation,Timezone_Time_Zones_Dataset,2020-04-13T18:17:24.729Z
63e1a19f3b5317047d4924f9,Relation,Continentscountriescities_City,2019-12-09T21:26:50.747Z,Relation,Continentscountriescities_Language,Chile,dnDRHIFqGe,Relation,Continentscountriescities_Subdivisions_States_Provinces,Relation,Timezone_Time_Zones_Dataset,2020-04-13T18:19:09.933Z
63e1a19f3b5317047d4924fa,Relation,Continentscountriescities_City,2019-12-09T21:27:25.283Z,Relation,Continentscountriescities_Language,China,jPsWdF78Gn,Relation,Continentscountriescities_Subdivisions_States_Provinces,Relation,Timezone_Time_Zones_Dataset,2020-04-13T18:17:24.023Z
63e1a19f3b5317047d4924fb,Relation,Continentscountriescities_City,2019-12-09T21:19:35.126Z,Relation,Continentscountriescities_Language,Belarus,5oTW0cNpxA,Relation,Continentscountriescities_Subdivisions_States_Provinces,Relation,Timezone_Time_Zones_Dataset,2020-04-13T18:16:44.774Z
63e1a19f3b5317047d4924fc,Relation,Continentscountriescities_City,2019-12-10T02:25:34.486Z,Relation,Continentscountriescities_Language,French Guiana,0FjIYpVd8h,Relation,Continentscountriescities_Subdivisions_States_Provinces,Relation,Timezone_Time_Zones_Dataset,2020-04-13T18:18:35.402Z
63e1a19f3b5317047d4924fd,Relation,Continentscountriescities_City,2019-12-09T21:40:38.218Z,Relation,Continentscountriescities_Language,Cape Verde,LrFc6CEfje,Relation,Continentscountriescities_Subdivisions_States_Provinces,Relation,Timezone_Time_Zones_Dataset,2020-04-13T18:18:33.863Z
63e1a19f3b5317047d4924fe,Relation,Continentscountriescities_City,2019-12-09T21:07:17.554Z,Relation,Continentscountriescities_Language,Austria,sbCG0KlS9w,Relation,Continentscountriescities_Subdivisions_States_Provinces,Relation,Timezone_Time_Zones_Dataset,2020-04-13T18:18:13.541Z
63e1a19f3b5317047d4924ff,Relation,Continentscountriescities_City,2019-12-09T21:18:50.104Z,Relation,Continentscountriescities_Language,Bahamas,5xyA61UG1h,Relation,Continentscountriescities_Subdivisions_States_Provinces,Relation,Timezone_Time_Zones_Dataset,2020-04-13T18:18:47.281Z
63e1a19f3b5317047d492500,Relation,Continentscountriescities_City,2019-12-09T21:19:19.936Z,Relation,Continentscountriescities_Language,Botswana,9l8d95idZG,Relation,Continentscountriescities_Subdivisions_States_Provinces,Relation,Timezone_Time_Zones_Dataset,2020-04-13T18:16:56.838Z
63e1a19f3b5317047d492501,Relation,Continentscountriescities_City,2019-12-09T21:06:29.227Z,Relation,Continentscountriescities_Language,Argentina,emj7gm2L4O,Relation,Continentscountriescities_Subdivisions_States_Provinces,Relation,Timezone_Time_Zones_Dataset,2020-04-13T18:19:08.662Z
63e1a19f3b5317047d492502,Relation,Continentscountriescities_City,2019-12-09T21:22:24.154Z,Relation,Continentscountriescities_Language,Central African Republic,CAFBhOmYoF,Relation,Continentscountriescities_Subdivisions_States_Provinces,Relation,Timezone_Time_Zones_Dataset,2020-04-13T18:16:25.165Z
63e1a19f3b5317047d492503,Relation,Continentscountriescities_City,2019-12-09T22:26:19.590Z,Relation,Continentscountriescities_Language,Dominica,K9EoQTanO6,Relation,Continentscountriescities_Subdivisions_States_Provinces,Relation,Timezone_Time_Zones_Dataset,2020-04-13T18:18:50.786Z
63e1a19f3b5317047d492504,Relation,Continentscountriescities_City,2019-12-10T02:48:42.334Z,Relation,Continentscountriescities_Language,Heard Island and McDonald Islands,obivyMu1QI,Relation,Continentscountriescities_Subdivisions_States_Provinces,Relation,Timezone_Time_Zones_Dataset,2020-04-13T18:17:15.431Z
63e1a19f3b5317047d492505,Relation,Continentscountriescities_City,2019-12-10T05:04:27.310Z,Relation,Continentscountriescities_Language,Iran,wv4OCjRaNi,Relation,Continentscountriescities_Subdivisions_States_Provinces,Relation,Timezone_Time_Zones_Dataset,2020-04-13T18:16:18.503Z
63e1a19f3b5317047d492506,Relation,Continentscountriescities_City,2019-12-10T05:11:14.623Z,Relation,Continentscountriescities_Language,Italy,hOu7Is3jvO,Relation,Continentscountriescities_Subdivisions_States_Provinces,Relation,Timezone_Time_Zones_Dataset,2020-04-13T18:18:26.358Z
63e1a19f3b5317047d492507,Relation,Continentscountriescities_City,2019-12-09T23:42:09.428Z,Relation,Continentscountriescities_Language,Faroe Islands,D1Tu0ghkZ3,Relation,Continentscountriescities_Subdivisions_States_Provinces,Relation,Timezone_Time_Zones_Dataset,2020-04-13T18:18:07.803Z
63e1a19f3b5317047d492508,Relation,Continentscountriescities_City,2019-12-09T21:15:03.703Z,Relation,Continentscountriescities_Language,Brazil,qq2ryXaIYG,Relation,Continentscountriescities_Subdivisions_States_Provinces,Relation,Timezone_Time_Zones_Dataset,2020-04-13T18:18:40.930Z
63e1a19f3b5317047d492509,Relation,Continentscountriescities_City,2019-12-10T03:49:44.431Z,Relation,Continentscountriescities_Language,India,DlHQBjd2Ke,Relation,Continentscountriescities_Subdivisions_States_Provinces,Relation,Timezone_Time_Zones_Dataset,2020-04-13T18:17:08.498Z
63e1a19f3b5317047d49250a,Relation,Continentscountriescities_City,2019-12-09T21:27:09.818Z,Relation,Continentscountriescities_Language,Cameroon,pUFZ2RIIvG,Relation,Continentscountriescities_Subdivisions_States_Provinces,Relation,Timezone_Time_Zones_Dataset,2020-04-13T18:17:46.490Z
63e1a19f3b5317047d49250b,Relation,Continentscountriescities_City,2019-12-10T05:11:02.318Z,Relation,Continentscountriescities_Language,Iceland,5VTtzmVSWN,Relation,Continentscountriescities_Subdivisions_States_Provinces,Relation,Timezone_Time_Zones_Dataset,2020-04-13T18:18:09.511Z
63e1a19f3b5317047d49250c,Relation,Continentscountriescities_City,2019-12-10T01:22:33.058Z,Relation,Continentscountriescities_Language,United Kingdom,asMYxtQNZx,Relation,Continentscountriescities_Subdivisions_States_Provinces,Relation,Timezone_Time_Zones_Dataset,2020-04-13T18:18:10.400Z
63e1a19f3b5317047d49250d,Relation,Continentscountriescities_City,2019-12-09T21:39:58.102Z,Relation,Continentscountriescities_Language,Costa Rica,CcOW7twmeX,Relation,Continentscountriescities_Subdivisions_States_Provinces,Relation,Timezone_Time_Zones_Dataset,2020-04-13T18:19:03.675Z
63e1a19f3b5317047d49250e,Relation,Continentscountriescities_City,2019-12-10T02:48:22.639Z,Relation,Continentscountriescities_Language,Guyana,uyLj6RP9AZ,Relation,Continentscountriescities_Subdivisions_States_Provinces,Relation,Timezone_Time_Zones_Dataset,2020-04-13T18:18:34.716Z
63e1a19f3b5317047d49250f,Relation,Continentscountriescities_City,2019-12-09T23:42:17.814Z,Relation,Continentscountriescities_Language,France,vBQFvgbzPX,Relation,Continentscountriescities_Subdivisions_States_Provinces,Relation,Timezone_Time_Zones_Dataset,2020-04-13T18:18:18.133Z
63e1a19f3b5317047d492510,Relation,Continentscountriescities_City,2019-12-10T09:31:31.519Z,Relation,Continentscountriescities_Language,Jersey,cbmMpY1LjE,Relation,Continentscountriescities_Subdivisions_States_Provinces,Relation,Timezone_Time_Zones_Dataset,2020-04-13T18:18:20.234Z
63e1a19f3b5317047d492511,Relation,Continentscountriescities_City,2019-12-09T21:40:59.882Z,Relation,Continentscountriescities_Language,Christmas Island,8tlFatlW3B,Relation,Continentscountriescities_Subdivisions_States_Provinces,Relation,Timezone_Time_Zones_Dataset,2020-04-13T18:17:36.100Z
63e1a19f3b5317047d492512,Relation,Continentscountriescities_City,2019-12-09T21:26:29.475Z,Relation,Continentscountriescities_Language,Ivory Coast,egoIFgkxC3,Relation,Continentscountriescities_Subdivisions_States_Provinces,Relation,Timezone_Time_Zones_Dataset,2020-04-13T18:17:50.259Z
63e1a19f3b5317047d492513,Relation,Continentscountriescities_City,2019-12-09T21:45:53.198Z,Relation,Continentscountriescities_Language,Germany,cXVjaWqsnY,Relation,Continentscountriescities_Subdivisions_States_Provinces,Relation,Timezone_Time_Zones_Dataset,2020-04-13T18:18:15.035Z
63e1a19f3b5317047d492514,Relation,Continentscountriescities_City,2019-12-10T09:31:39.550Z,Relation,Continentscountriescities_Language,Jamaica,iRCCJGZ3RJ,Relation,Continentscountriescities_Subdivisions_States_Provinces,Relation,Timezone_Time_Zones_Dataset,2020-04-13T18:18:43.998Z
63e1a19f3b5317047d492515,Relation,Continentscountriescities_City,2019-12-09T21:21:56.158Z,Relation,Continentscountriescities_Language,Cocos [Keeling] Islands,Ovzp6Ca4tr,Relation,Continentscountriescities_Subdivisions_States_Provinces,Relation,Timezone_Time_Zones_Dataset,2020-04-13T18:17:16.154Z
63e1a19f3b5317047d492516,Relation,Continentscountriescities_City,2019-12-09T21:41:26.966Z,Relation,Continentscountriescities_Language,Czech Republic,FIdcKBVyI3,Relation,Continentscountriescities_Subdivisions_States_Provinces,Relation,Timezone_Time_Zones_Dataset,2020-04-13T18:18:23.098Z
63e1a19f3b5317047d492517,Relation,Continentscountriescities_City,2019-12-09T21:26:42.258Z,Relation,Continentscountriescities_Language,Cook Islands,2Icy8PIAyj,Relation,Continentscountriescities_Subdivisions_States_Provinces,Relation,Timezone_Time_Zones_Dataset,2020-04-13T18:17:31.372Z
63e1a19f3b5317047d492518,Relation,Continentscountriescities_City,2019-12-09T21:08:46.550Z,Relation,Continentscountriescities_Language,Australia,8lauBzPLI5,Relation,Continentscountriescities_Subdivisions_States_Provinces,Relation,Timezone_Time_Zones_Dataset,2020-04-13T18:17:35.397Z
63e1a19f3b5317047d492519,Relation,Continentscountriescities_City,2019-12-09T21:05:41.230Z,Relation,Continentscountriescities_Language,Albania,8rTBsf4ObQ,Relation,Continentscountriescities_Subdivisions_States_Provinces,Relation,Timezone_Time_Zones_Dataset,2020-04-13T18:16:50.179Z
63e1a19f3b5317047d49251a,Relation,Continentscountriescities_City,2019-12-09T22:29:19.470Z,Relation,Continentscountriescities_Language,Egypt,hFkwjKITta,Relation,Continentscountriescities_Subdivisions_States_Provinces,Relation,Timezone_Time_Zones_Dataset,2020-04-13T18:16:36.336Z
63e1a19f3b5317047d49251b,Relation,Continentscountriescities_City,2019-12-10T02:48:14.109Z,Relation,Continentscountriescities_Language,Guinea-Bissau,HhLTUnF1fz,Relation,Continentscountriescities_Subdivisions_States_Provinces,Relation,Timezone_Time_Zones_Dataset,2020-04-13T18:17:54.560Z
63e1a19f3b5317047d49251c,Relation,Continentscountriescities_City,2019-12-09T21:12:11.166Z,Relation,Continentscountriescities_Language,Bangladesh,AWnxgoUzw0,Relation,Continentscountriescities_Subdivisions_States_Provinces,Relation,Timezone_Time_Zones_Dataset,2020-04-13T18:17:04.446Z
63e1a19f3b5317047d49251d,Relation,Continentscountriescities_City,2019-12-10T02:45:25.674Z,Relation,Continentscountriescities_Language,Guatemala,Rkb0Ji6GtG,Relation,Continentscountriescities_Subdivisions_States_Provinces,Relation,Timezone_Time_Zones_Dataset,2020-04-13T18:19:01.291Z
63e1a19f3b5317047d49251e,Relation,Continentscountriescities_City,2019-12-09T21:06:19.618Z,Relation,Continentscountriescities_Language,Antarctica,Fs3xs9NlJa,Relation,Continentscountriescities_Subdivisions_States_Provinces,Relation,Timezone_Time_Zones_Dataset,2020-04-13T18:19:28.061Z
63e1a19f3b5317047d49251f,Relation,Continentscountriescities_City,2019-12-09T21:40:50.905Z,Relation,Continentscountriescities_Language,Curacao,6RJs1GA7WP,Relation,Continentscountriescities_Subdivisions_States_Provinces,Relation,Timezone_Time_Zones_Dataset,2020-04-13T18:19:29.485Z
63e1a19f3b5317047d492520,Relation,Continentscountriescities_City,2019-12-09T21:41:11.611Z,Relation,Continentscountriescities_Language,Cyprus,1KRscl4VTZ,Relation,Continentscountriescities_Subdivisions_States_Provinces,Relation,Timezone_Time_Zones_Dataset,2020-04-13T18:16:19.209Z
63e1a19f3b5317047d492521,Relation,Continentscountriescities_City,2019-12-09T22:24:54.618Z,Relation,Continentscountriescities_Language,Denmark,3SYcv5XaFE,Relation,Continentscountriescities_Subdivisions_States_Provinces,Relation,Timezone_Time_Zones_Dataset,2020-04-13T18:18:08.641Z
63e1a19f3b5317047d492522,Relation,Continentscountriescities_City,2019-12-09T21:40:14.874Z,Relation,Continentscountriescities_Language,Cuba,YNRVNxzcFx,Relation,Continentscountriescities_Subdivisions_States_Provinces,Relation,Timezone_Time_Zones_Dataset,2020-04-13T18:18:45.673Z
63e1a19f3b5317047d492523,Relation,Continentscountriescities_City,2019-12-09T22:27:07.301Z,Relation,Continentscountriescities_Language,Algeria,8XKDe93BnC,Relation,Continentscountriescities_Subdivisions_States_Provinces,Relation,Timezone_Time_Zones_Dataset,2020-04-13T18:18:07.109Z
63e1a19f3b5317047d492524,Relation,Continentscountriescities_City,2019-12-09T22:29:45.518Z,Relation,Continentscountriescities_Language,Western Sahara,cRUrTJH6np,Relation,Continentscountriescities_Subdivisions_States_Provinces,Relation,Timezone_Time_Zones_Dataset,2020-04-13T18:18:03.412Z
63e1a19f3b5317047d492525,Relation,Continentscountriescities_City,2019-12-10T02:26:49.782Z,Relation,Continentscountriescities_Language,Guinea,l2E7bFn2O6,Relation,Continentscountriescities_Subdivisions_States_Provinces,Relation,Timezone_Time_Zones_Dataset,2020-04-13T18:18:00.519Z
63e1a19f3b5317047d492526,Relation,Continentscountriescities_City,2019-12-09T23:41:49.057Z,Relation,Continentscountriescities_Language,Falkland Islands,xoqwbHS99Z,Relation,Continentscountriescities_Subdivisions_States_Provinces,Relation,Timezone_Time_Zones_Dataset,2020-04-13T18:18:42.187Z
63e1a19f3b5317047d492527,Relation,Continentscountriescities_City,2019-12-10T02:48:04.490Z,Relation,Continentscountriescities_Language,Guam,E1fDBUFjuu,Relation,Continentscountriescities_Subdivisions_States_Provinces,Relation,Timezone_Time_Zones_Dataset,2020-04-13T18:19:19.888Z
63e1a19f3b5317047d492528,Relation,Continentscountriescities_City,2019-12-09T21:14:55.831Z,Relation,Continentscountriescities_Language,Bonaire,lP9UmD2WgK,Relation,Continentscountriescities_Subdivisions_States_Provinces,Relation,Timezone_Time_Zones_Dataset,2020-04-13T18:19:30.197Z
63e1a19f3b5317047d492529,Relation,Continentscountriescities_City,2019-12-09T22:24:45.915Z,Relation,Continentscountriescities_Language,Djibouti,DKDsqKRrNW,Relation,Continentscountriescities_Subdivisions_States_Provinces,Relation,Timezone_Time_Zones_Dataset,2020-04-13T18:16:23.738Z
63e1a19f3b5317047d49252a,Relation,Continentscountriescities_City,2019-12-09T21:13:14.334Z,Relation,Continentscountriescities_Language,Burkina Faso,buIC80yx3R,Relation,Continentscountriescities_Subdivisions_States_Provinces,Relation,Timezone_Time_Zones_Dataset,2020-04-13T18:17:53.159Z
63e1a19f3b5317047d49252b,Relation,Continentscountriescities_City,2019-12-09T22:29:57.030Z,Relation,Continentscountriescities_Language,Eritrea,rVI3whtxQX,Relation,Continentscountriescities_Subdivisions_States_Provinces,Relation,Timezone_Time_Zones_Dataset,2020-04-13T18:16:35.575Z
63e1a19f3b5317047d49252c,Relation,Continentscountriescities_City,2019-12-10T03:04:31.338Z,Relation,Continentscountriescities_Language,Haiti,QLFfURjWpu,Relation,Continentscountriescities_Subdivisions_States_Provinces,Relation,Timezone_Time_Zones_Dataset,2020-04-13T18:19:07.758Z
63e1a19f3b5317047d49252d,Relation,Continentscountriescities_City,2019-12-10T02:26:12.517Z,Relation,Continentscountriescities_Language,Gibraltar,usW9VKCd8N,Relation,Continentscountriescities_Subdivisions_States_Provinces,Relation,Timezone_Time_Zones_Dataset,2020-04-13T18:17:59.115Z
63e1a19f3b5317047d49252e,Relation,Continentscountriescities_City,2019-12-10T09:32:10.932Z,Relation,Continentscountriescities_Language,Jordan,AVGAFwTSFb,Relation,Continentscountriescities_Subdivisions_States_Provinces,Relation,Timezone_Time_Zones_Dataset,2020-04-13T18:16:26.558Z
63e1a19f3b5317047d49252f,Relation,Continentscountriescities_City,2019-12-09T22:28:37.002Z,Relation,Continentscountriescities_Language,Estonia,kGAoZ5pH7T,Relation,Continentscountriescities_Subdivisions_States_Provinces,Relation,Timezone_Time_Zones_Dataset,2020-04-13T18:16:39.531Z
63e1a19f3b5317047d492530,Relation,Continentscountriescities_City,2019-12-10T03:05:00.842Z,Relation,Continentscountriescities_Language,Hungary,f5WB3Ij653,Relation,Continentscountriescities_Subdivisions_States_Provinces,Relation,Timezone_Time_Zones_Dataset,2020-04-13T18:16:48.761Z
63e1a19f3b5317047d492531,Relation,Continentscountriescities_City,2019-12-09T23:37:54.810Z,Relation,Continentscountriescities_Language,Ethiopia,RG4CMN42m1,Relation,Continentscountriescities_Subdivisions_States_Provinces,Relation,Timezone_Time_Zones_Dataset,2020-04-13T18:16:34.783Z
63e1a19f3b5317047d492532,Relation,Continentscountriescities_City,2019-12-09T22:26:28.078Z,Relation,Continentscountriescities_Language,Dominican Republic,BkDVxFnLbN,Relation,Continentscountriescities_Subdivisions_States_Provinces,Relation,Timezone_Time_Zones_Dataset,2020-04-13T18:18:44.733Z
63e1a19f3b5317047d492533,Relation,Continentscountriescities_City,2019-12-09T21:14:23.815Z,Relation,Continentscountriescities_Language,Bermuda,nj3z9SHzzq,Relation,Continentscountriescities_Subdivisions_States_Provinces,Relation,Timezone_Time_Zones_Dataset,2020-04-13T18:18:47.986Z
63e1a19f3b5317047d492534,Relation,Continentscountriescities_City,2019-12-09T23:41:56.647Z,Relation,Continentscountriescities_Language,Micronesia,Y3YvNEgaqp,Relation,Continentscountriescities_Subdivisions_States_Provinces,Relation,Timezone_Time_Zones_Dataset,2020-04-13T18:17:37.670Z
63e1a19f3b5317047d492535,Relation,Continentscountriescities_City,2019-12-10T02:27:24.090Z,Relation,Continentscountriescities_Language,Greece,zuCmaUX1g9,Relation,Continentscountriescities_Subdivisions_States_Provinces,Relation,Timezone_Time_Zones_Dataset,2020-04-13T18:16:38.017Z
63e1a19f3b5317047d492536,Relation,Continentscountriescities_City,2019-12-09T22:30:10.956Z,Relation,Continentscountriescities_Language,Spain,5Vs8zprtNC,Relation,Continentscountriescities_Subdivisions_States_Provinces,Relation,Timezone_Time_Zones_Dataset,2020-04-13T18:18:05.017Z
63e1a19f3b5317047d492537,Relation,Continentscountriescities_City,2019-12-10T02:27:02.366Z,Relation,Continentscountriescities_Language,Guadeloupe,j5lw2HxbXZ,Relation,Continentscountriescities_Subdivisions_States_Provinces,Relation,Timezone_Time_Zones_Dataset,2020-04-13T18:18:57.753Z
63e1a19f3b5317047d492538,Relation,Continentscountriescities_City,2019-12-09T22:28:15.226Z,Relation,Continentscountriescities_Language,Ecuador,w42L24Frj9,Relation,Continentscountriescities_Subdivisions_States_Provinces,Relation,Timezone_Time_Zones_Dataset,2020-04-13T18:19:05.368Z
63e1a19f3b5317047d492539,Relation,Continentscountriescities_City,2019-12-10T02:25:44.932Z,Relation,Continentscountriescities_Language,Guernsey,k96wKD7ZpG,Relation,Continentscountriescities_Subdivisions_States_Provinces,Relation,Timezone_Time_Zones_Dataset,2020-04-13T18:18:21.608Z
63e1a19f3b5317047d49253a,Relation,Continentscountriescities_City,2019-12-10T03:16:27.362Z,Relation,Continentscountriescities_Language,Indonesia,pOykqMaxZB,Relation,Continentscountriescities_Subdivisions_States_Provinces,Relation,Timezone_Time_Zones_Dataset,2020-04-13T18:17:19.667Z
63e1a19f3b5317047d49253b,Relation,Continentscountriescities_City,2019-12-10T02:25:03.242Z,Relation,Continentscountriescities_Language,Georgia,J7QoCukbse,Relation,Continentscountriescities_Subdivisions_States_Provinces,Relation,Timezone_Time_Zones_Dataset,2020-04-13T18:16:43.236Z
63e1a19f3b5317047d49253c,Relation,Continentscountriescities_City,2019-12-10T03:44:34.862Z,Relation,Continentscountriescities_Language,Ireland,FSUOeNw5vK,Relation,Continentscountriescities_Subdivisions_States_Provinces,Relation,Timezone_Time_Zones_Dataset,2020-04-13T18:18:16.614Z
63e1a19f3b5317047d49253d,Relation,Continentscountriescities_City,2019-12-10T02:25:53.234Z,Relation,Continentscountriescities_Language,Ghana,vCIN9WyEHn,Relation,Continentscountriescities_Subdivisions_States_Provinces,Relation,Timezone_Time_Zones_Dataset,2020-04-13T18:17:50.977Z
63e1a19f3b5317047d49253e,Relation,Continentscountriescities_City,2019-12-10T03:48:36.810Z,Relation,Continentscountriescities_Language,Israel,4lBFb6Wpq5,Relation,Continentscountriescities_Subdivisions_States_Provinces,Relation,Timezone_Time_Zones_Dataset,2020-04-13T18:16:31.555Z
63e1a19f3b5317047d49253f,Relation,Continentscountriescities_City,2019-12-09T23:38:19.514Z,Relation,Continentscountriescities_Language,Finland,nfHDWPtgDF,Relation,Continentscountriescities_Subdivisions_States_Provinces,Relation,Timezone_Time_Zones_Dataset,2020-04-13T18:16:45.821Z
63e1a19f3b5317047d492540,Relation,Continentscountriescities_City,2019-12-10T02:27:13.794Z,Relation,Continentscountriescities_Language,Equatorial Guinea,hzdCZRHhIY,Relation,Continentscountriescities_Subdivisions_States_Provinces,Relation,Timezone_Time_Zones_Dataset,2020-04-13T18:17:51.702Z
63e1a19f3b5317047d492541,Relation,Continentscountriescities_City,2019-12-10T02:54:49.610Z,Relation,Continentscountriescities_Language,Croatia,uj5JYO5BE3,Relation,Continentscountriescities_Subdivisions_States_Provinces,Relation,Timezone_Time_Zones_Dataset,2020-04-13T18:18:28.566Z
63e1a19f3b5317047d492542,Relation,Continentscountriescities_City,2019-12-10T05:03:30.116Z,Relation,Continentscountriescities_Language,British Indian Ocean Territory,WUeznxS4oA,Relation,Continentscountriescities_Subdivisions_States_Provinces,Relation,Timezone_Time_Zones_Dataset,2020-04-13T18:17:09.977Z
63e1a19f3b5317047d492543,Relation,Continentscountriescities_City,2019-12-09T23:41:41.232Z,Relation,Continentscountriescities_Language,Fiji,0iYnsd3adu,Relation,Continentscountriescities_Subdivisions_States_Provinces,Relation,Timezone_Time_Zones_Dataset,2020-04-13T18:17:45.075Z
63e1a19f3b5317047d492544,Relation,Continentscountriescities_City,2019-12-10T05:03:36.781Z,Relation,Continentscountriescities_Language,Iraq,nvhpnKO5rE,Relation,Continentscountriescities_Subdivisions_States_Provinces,Relation,Timezone_Time_Zones_Dataset,2020-04-13T18:16:16.883Z
63e1a19f3b5317047d492545,Relation,Continentscountriescities_City,2019-12-10T03:49:32.546Z,Relation,Continentscountriescities_Language,Isle of Man,AheHxSBPbE,Relation,Continentscountriescities_Subdivisions_States_Provinces,Relation,Timezone_Time_Zones_Dataset,2020-04-13T18:18:20.932Z
63e1a19f3b5317047d492546,Relation,Continentscountriescities_City,2019-12-10T01:22:22.862Z,Relation,Continentscountriescities_Language,Gabon,2aC5hV2kfd,Relation,Continentscountriescities_Subdivisions_States_Provinces,Relation,Timezone_Time_Zones_Dataset,2020-04-13T18:17:56.964Z
63e1a19f3b5317047d492547,Relation,Continentscountriescities_City,2019-12-10T10:15:02.968Z,Relation,Continentscountriescities_Language,Monaco,nE8gX0MFSZ,Relation,Continentscountriescities_Subdivisions_States_Provinces,Relation,Timezone_Time_Zones_Dataset,2020-04-13T18:18:17.319Z
63e1a19f3b5317047d492548,Relation,Continentscountriescities_City,2019-12-10T10:08:17.098Z,Relation,Continentscountriescities_Language,Liechtenstein,f83FzMh6Ty,Relation,Continentscountriescities_Subdivisions_States_Provinces,Relation,Timezone_Time_Zones_Dataset,2020-04-13T18:18:19.517Z
63e1a19f3b5317047d492549,Relation,Continentscountriescities_City,2019-12-10T10:00:52.788Z,Relation,Continentscountriescities_Language,North Korea,cbUYyXWdUS,Relation,Continentscountriescities_Subdivisions_States_Provinces,Relation,Timezone_Time_Zones_Dataset,2020-04-13T18:17:29.604Z
63e1a19f3b5317047d49254a,Relation,Continentscountriescities_City,2019-12-10T10:03:23.665Z,Relation,Continentscountriescities_Language,Cayman Islands,4lgb4MnCu4,Relation,Continentscountriescities_Subdivisions_States_Provinces,Relation,Timezone_Time_Zones_Dataset,2020-04-13T18:18:59.150Z
63e1a19f3b5317047d49254b,Relation,Continentscountriescities_City,2019-12-10T10:00:43.460Z,Relation,Continentscountriescities_Language,Saint Kitts and Nevis,wHnODFxZFO,Relation,Continentscountriescities_Subdivisions_States_Provinces,Relation,Timezone_Time_Zones_Dataset,2020-04-13T18:18:50.086Z
63e1a19f3b5317047d49254c,Relation,Continentscountriescities_City,2019-12-10T09:59:03.551Z,Relation,Continentscountriescities_Language,Cambodia,EpBnGVkBLF,Relation,Continentscountriescities_Subdivisions_States_Provinces,Relation,Timezone_Time_Zones_Dataset,2020-04-13T18:17:26.874Z
63e1a19f3b5317047d49254d,Relation,Continentscountriescities_City,2019-12-10T10:08:55.866Z,Relation,Continentscountriescities_Language,Liberia,ZoFyPeNM5E,Relation,Continentscountriescities_Subdivisions_States_Provinces,Relation,Timezone_Time_Zones_Dataset,2020-04-13T18:17:49.555Z
63e1a19f3b5317047d49254e,Relation,Continentscountriescities_City,2019-12-10T09:57:45.474Z,Relation,Continentscountriescities_Language,Kenya,hWGVevpYaK,Relation,Continentscountriescities_Subdivisions_States_Provinces,Relation,Timezone_Time_Zones_Dataset,2020-04-13T18:16:22.158Z
63e1a19f3b5317047d49254f,Relation,Continentscountriescities_City,2019-12-10T10:08:28.182Z,Relation,Continentscountriescities_Language,Sri Lanka,9N0Bhm2Ge4,Relation,Continentscountriescities_Subdivisions_States_Provinces,Relation,Timezone_Time_Zones_Dataset,2020-04-13T18:17:06.797Z
63e1a19f3b5317047d492550,Relation,Continentscountriescities_City,2019-12-10T09:33:03.466Z,Relation,Continentscountriescities_Language,Japan,UN9yBtQstI,Relation,Continentscountriescities_Subdivisions_States_Provinces,Relation,Timezone_Time_Zones_Dataset,2020-04-13T18:17:28.831Z
63e1a19f3b5317047d492551,Relation,Continentscountriescities_City,2019-12-10T10:01:22.870Z,Relation,Continentscountriescities_Language,South Korea,H27W1K2Jx0,Relation,Continentscountriescities_Subdivisions_States_Provinces,Relation,Timezone_Time_Zones_Dataset,2020-04-13T18:17:27.885Z
63e1a19f3b5317047d492552,Relation,Continentscountriescities_City,2019-12-10T10:16:10.062Z,Relation,Continentscountriescities_Language,Madagascar,09fXl7u3FD,Relation,Continentscountriescities_Subdivisions_States_Provinces,Relation,Timezone_Time_Zones_Dataset,2020-04-13T18:17:02.071Z
63e1a19f3b5317047d492553,Relation,Continentscountriescities_City,2019-12-10T10:03:33.126Z,Relation,Continentscountriescities_Language,Kazakhstan,nRlkwMtWiB,Relation,Continentscountriescities_Subdivisions_States_Provinces,Relation,Timezone_Time_Zones_Dataset,2020-04-13T18:17:13.250Z
63e1a19f3b5317047d492554,Relation,Continentscountriescities_City,2019-12-10T10:15:42.122Z,Relation,Continentscountriescities_Language,Montenegro,wY0pApCtUt,Relation,Continentscountriescities_Subdivisions_States_Provinces,Relation,Timezone_Time_Zones_Dataset,2020-04-13T18:18:27.787Z
63e1a19f3b5317047d492555,Relation,Continentscountriescities_City,2019-12-10T10:15:11.818Z,Relation,Continentscountriescities_Language,Moldova,bmYANF81hv,Relation,Continentscountriescities_Subdivisions_States_Provinces,Relation,Timezone_Time_Zones_Dataset,2020-04-13T18:16:43.984Z
63e1a19f3b5317047d492556,Relation,Continentscountriescities_City,2019-12-10T10:10:11.887Z,Relation,Continentscountriescities_Language,Luxembourg,5LNFOuO2Wh,Relation,Continentscountriescities_Subdivisions_States_Provinces,Relation,Timezone_Time_Zones_Dataset,2020-04-13T18:18:15.795Z
63e1a19f3b5317047d492557,Relation,Continentscountriescities_City,2019-12-10T10:09:16.058Z,Relation,Continentscountriescities_Language,Lithuania,9kbcTFZyKo,Relation,Continentscountriescities_Subdivisions_States_Provinces,Relation,Timezone_Time_Zones_Dataset,2020-04-13T18:16:41.662Z
63e1a19f3b5317047d492558,Relation,Continentscountriescities_City,2019-12-10T10:07:35.338Z,Relation,Continentscountriescities_Language,Laos,eaNpdUY6IC,Relation,Continentscountriescities_Subdivisions_States_Provinces,Relation,Timezone_Time_Zones_Dataset,2020-04-13T18:17:20.430Z
63e1a19f3b5317047d492559,Relation,Continentscountriescities_City,2019-12-10T09:58:32.674Z,Relation,Continentscountriescities_Language,Kyrgyzstan,KoZCNHDS5X,Relation,Continentscountriescities_Subdivisions_States_Provinces,Relation,Timezone_Time_Zones_Dataset,2020-04-13T18:17:13.983Z
63e1a19f3b5317047d49255a,Relation,Continentscountriescities_City,2019-12-10T10:16:00.790Z,Relation,Continentscountriescities_Language,Saint Martin,ta7ARILnW0,Relation,Continentscountriescities_Subdivisions_States_Provinces,Relation,Timezone_Time_Zones_Dataset,2020-04-13T18:18:56.366Z
63e1a19f3b5317047d49255b,Relation,Continentscountriescities_City,2019-12-10T10:03:11.882Z,Relation,Continentscountriescities_Language,Kuwait,qlkgJorlNV,Relation,Continentscountriescities_Subdivisions_States_Provinces,Relation,Timezone_Time_Zones_Dataset,2020-04-13T18:16:27.922Z
63e1a19f3b5317047d49255c,Relation,Continentscountriescities_City,2019-12-10T10:00:00.150Z,Relation,Continentscountriescities_Language,Kiribati,qCcuxOqgkB,Relation,Continentscountriescities_Subdivisions_States_Provinces,Relation,Timezone_Time_Zones_Dataset,2020-04-13T18:19:14.807Z
63e1a19f3b5317047d49255d,Relation,Continentscountriescities_City,2019-12-10T10:08:08.246Z,Relation,Continentscountriescities_Language,Saint Lucia,GOaMR5GKXm,Relation,Continentscountriescities_Subdivisions_States_Provinces,Relation,Timezone_Time_Zones_Dataset,2020-04-13T18:18:52.204Z
63e1a19f3b5317047d49255e,Relation,Continentscountriescities_City,2019-12-10T10:09:06.827Z,Relation,Continentscountriescities_Language,Lesotho,fl5yo1HfMR,Relation,Continentscountriescities_Subdivisions_States_Provinces,Relation,Timezone_Time_Zones_Dataset,2020-04-13T18:16:56.141Z
63e1a19f3b5317047d49255f,Relation,Continentscountriescities_City,2019-12-10T10:00:11.660Z,Relation,Continentscountriescities_Language,Comoros,SJvwuMEme7,Relation,Continentscountriescities_Subdivisions_States_Provinces,Relation,Timezone_Time_Zones_Dataset,2020-04-13T18:16:54.743Z
63e1a19f3b5317047d492560,Relation,Continentscountriescities_City,2019-12-10T10:11:20.838Z,Relation,Continentscountriescities_Language,Latvia,SRLc1TCwHn,Relation,Continentscountriescities_Subdivisions_States_Provinces,Relation,Timezone_Time_Zones_Dataset,2020-04-13T18:16:40.245Z
63e1a19f3b5317047d492561,Relation,Continentscountriescities_City,2019-12-10T10:07:54.182Z,Relation,Continentscountriescities_Language,Lebanon,P2wZxWNxtr,Relation,Continentscountriescities_Subdivisions_States_Provinces,Relation,Timezone_Time_Zones_Dataset,2020-04-13T18:16:27.234Z
63e1a19f3b5317047d492562,Relation,Continentscountriescities_City,2019-12-10T10:12:15.146Z,Relation,Continentscountriescities_Language,Libya,FgwdDPUXmJ,Relation,Continentscountriescities_Subdivisions_States_Provinces,Relation,Timezone_Time_Zones_Dataset,2020-04-13T18:17:45.759Z
63e1a19f3b5317047d492563,Relation,Continentscountriescities_City,2019-12-10T10:12:34.270Z,Relation,Continentscountriescities_Language,Morocco,Smz1hTRSIU,Relation,Continentscountriescities_Subdivisions_States_Provinces,Relation,Timezone_Time_Zones_Dataset,2020-04-13T18:18:05.729Z
63e1a19f3b5317047d492564,Relation,Continentscountriescities_City,2019-12-10T10:25:07.171Z,Relation,Continentscountriescities_Language,Malta,HEXUplP1Se,Relation,Continentscountriescities_Subdivisions_States_Provinces,Relation,Timezone_Time_Zones_Dataset,2020-04-13T18:18:06.417Z
63e1a19f3b5317047d492565,Relation,Continentscountriescities_City,2019-12-10T10:26:08.049Z,Relation,Continentscountriescities_Language,Maldives,ovfuQeRszZ,Relation,Continentscountriescities_Subdivisions_States_Provinces,Relation,Timezone_Time_Zones_Dataset,2020-04-13T18:17:09.278Z
63e1a19f3b5317047d492566,Relation,Continentscountriescities_City,2019-12-10T12:48:40.646Z,Relation,Continentscountriescities_Language,Norfolk Island,NHfUsjuEP3,Relation,Continentscountriescities_Subdivisions_States_Provinces,Relation,Timezone_Time_Zones_Dataset,2020-04-13T18:17:43.493Z
63e1a19f3b5317047d492567,Relation,Continentscountriescities_City,2019-12-10T14:13:59.322Z,Relation,Continentscountriescities_Language,Nepal,uq5oiRuEKm,Relation,Continentscountriescities_Subdivisions_States_Provinces,Relation,Timezone_Time_Zones_Dataset,2020-04-13T18:17:10.714Z
63e1a19f3b5317047d492568,Relation,Continentscountriescities_City,2019-12-10T12:47:31.694Z,Relation,Continentscountriescities_Language,Mozambique,9CVfAKT2WO,Relation,Continentscountriescities_Subdivisions_States_Provinces,Relation,Timezone_Time_Zones_Dataset,2020-04-13T18:17:01.233Z
63e1a19f3b5317047d492569,Relation,Continentscountriescities_City,2019-12-10T10:18:51.158Z,Relation,Continentscountriescities_Language,Mali,jreQzrjZx6,Relation,Continentscountriescities_Subdivisions_States_Provinces,Relation,Timezone_Time_Zones_Dataset,2020-04-13T18:18:02.734Z
63e1a19f3b5317047d49256a,Relation,Continentscountriescities_City,2019-12-10T10:19:39.718Z,Relation,Continentscountriescities_Language,Mongolia,76H3yHIo7U,Relation,Continentscountriescities_Subdivisions_States_Provinces,Relation,Timezone_Time_Zones_Dataset,2020-04-13T18:17:34.295Z
63e1a19f3b5317047d49256b,Relation,Continentscountriescities_City,2019-12-10T10:26:35.600Z,Relation,Continentscountriescities_Language,Mexico,jbrIeE76hr,Relation,Continentscountriescities_Subdivisions_States_Provinces,Relation,Timezone_Time_Zones_Dataset,2020-04-13T18:19:12.373Z
63e1a19f3b5317047d49256c,Relation,Continentscountriescities_City,2019-12-10T10:24:20.255Z,Relation,Continentscountriescities_Language,Macao,larowCNukg,Relation,Continentscountriescities_Subdivisions_States_Provinces,Relation,Timezone_Time_Zones_Dataset,2020-04-13T18:17:26.162Z
63e1a19f3b5317047d49256d,Relation,Continentscountriescities_City,2019-12-10T10:17:11.434Z,Relation,Continentscountriescities_Language,North Macedonia,dAH4X1RHQb,Relation,Continentscountriescities_Subdivisions_States_Provinces,Relation,Timezone_Time_Zones_Dataset,2020-04-13T18:16:48.056Z
63e1a19f3b5317047d49256e,Relation,Continentscountriescities_City,2019-12-10T12:48:06.358Z,Relation,Continentscountriescities_Language,New Caledonia,7Ewydti2W5,Relation,Continentscountriescities_Subdivisions_States_Provinces,Relation,Timezone_Time_Zones_Dataset,2020-04-13T18:17:42.782Z
63e1a19f3b5317047d49256f,Relation,Continentscountriescities_City,2019-12-10T13:14:50.787Z,Relation,Continentscountriescities_Language,Netherlands,9FyUSGZNnf,Relation,Continentscountriescities_Subdivisions_States_Provinces,Relation,Timezone_Time_Zones_Dataset,2020-04-13T18:18:12.846Z
63e1a19f3b5317047d492570,Relation,Continentscountriescities_City,2019-12-10T15:08:41.209Z,Relation,Continentscountriescities_Language,French Polynesia,Ms1BrT4Gl8,Relation,Continentscountriescities_Subdivisions_States_Provinces,Relation,Timezone_Time_Zones_Dataset,2020-04-13T18:19:13.307Z
63e1a19f3b5317047d492571,Relation,Continentscountriescities_City,2019-12-10T20:48:16.037Z,Relation,Continentscountriescities_Language,Portugal,EZzqrmo1am,Relation,Continentscountriescities_Subdivisions_States_Provinces,Relation,Timezone_Time_Zones_Dataset,2020-04-13T18:17:48.860Z
63e1a19f3b5317047d492572,Relation,Continentscountriescities_City,2019-12-11T04:57:06.415Z,Relation,Continentscountriescities_Language,Somalia,0ncikAUv2i,Relation,Continentscountriescities_Subdivisions_States_Provinces,Relation,Timezone_Time_Zones_Dataset,2020-04-13T18:16:15.460Z
63e1a19f3b5317047d492573,Relation,Continentscountriescities_City,2019-12-10T12:47:47.167Z,Relation,Continentscountriescities_Language,Namibia,cJ8QXx4aDG,Relation,Continentscountriescities_Subdivisions_States_Provinces,Relation,Timezone_Time_Zones_Dataset,2020-04-13T18:18:31.056Z
63e1a19f3b5317047d492574,Relation,Continentscountriescities_City,2019-12-10T14:14:47.540Z,Relation,Continentscountriescities_Language,New Zealand,2vGNu7Yn7D,Relation,Continentscountriescities_Subdivisions_States_Provinces,Relation,Timezone_Time_Zones_Dataset,2020-04-13T18:17:44.308Z
63e1a19f3b5317047d492575,Relation,Continentscountriescities_City,2019-12-10T10:17:00.179Z,Relation,Continentscountriescities_Language,Marshall Islands,ZTZhlMFIyJ,Relation,Continentscountriescities_Subdivisions_States_Provinces,Relation,Timezone_Time_Zones_Dataset,2020-04-13T18:17:36.911Z
63e1a19f3b5317047d492576,Relation,Continentscountriescities_City,2019-12-10T10:24:29.437Z,Relation,Continentscountriescities_Language,Northern Mariana Islands,cljDTSxy5A,Relation,Continentscountriescities_Subdivisions_States_Provinces,Relation,Timezone_Time_Zones_Dataset,2020-04-13T18:19:19.153Z
63e1a19f3b5317047d492577,Relation,Continentscountriescities_City,2019-12-10T12:48:48.070Z,Relation,Continentscountriescities_Language,Nigeria,oqts6mjw76,Relation,Continentscountriescities_Subdivisions_States_Provinces,Relation,Timezone_Time_Zones_Dataset,2020-04-13T18:17:52.462Z
63e1a19f3b5317047d492578,Relation,Continentscountriescities_City,2019-12-10T20:39:25.792Z,Relation,Continentscountriescities_Language,Puerto Rico,Gk9CYF6qoa,Relation,Continentscountriescities_Subdivisions_States_Provinces,Relation,Timezone_Time_Zones_Dataset,2020-04-13T18:19:20.638Z
63e1a19f3b5317047d492579,Relation,Continentscountriescities_City,2019-12-10T10:26:20.998Z,Relation,Continentscountriescities_Language,Malawi,clpCIxZu1P,Relation,Continentscountriescities_Subdivisions_States_Provinces,Relation,Timezone_Time_Zones_Dataset,2020-04-13T18:16:55.434Z
63e1a19f3b5317047d49257a,Relation,Continentscountriescities_City,2019-12-10T20:42:05.390Z,Relation,Continentscountriescities_Language,Palestine,yP5OXMfgmQ,Relation,Continentscountriescities_Subdivisions_States_Provinces,Relation,Timezone_Time_Zones_Dataset,2020-04-13T18:19:26.232Z
63e1a19f3b5317047d49257b,Relation,Continentscountriescities_City,2019-12-11T04:24:09.226Z,Relation,Continentscountriescities_Language,Saudi Arabia,PqGe1JXHMY,Relation,Continentscountriescities_Subdivisions_States_Provinces,Relation,Timezone_Time_Zones_Dataset,2020-04-13T18:16:17.720Z
63e1a19f3b5317047d49257c,Relation,Continentscountriescities_City,2019-12-10T14:14:29.183Z,Relation,Continentscountriescities_Language,Nauru,dhD7xYDFi6,Relation,Continentscountriescities_Subdivisions_States_Provinces,Relation,Timezone_Time_Zones_Dataset,2020-04-13T18:17:41.249Z
63e1a19f3b5317047d49257d,Relation,Continentscountriescities_City,2019-12-10T10:24:37.058Z,Relation,Continentscountriescities_Language,Martinique,zA1OoRvjvL,Relation,Continentscountriescities_Subdivisions_States_Provinces,Relation,Timezone_Time_Zones_Dataset,2020-04-13T18:18:46.366Z
63e1a19f3b5317047d49257e,Relation,Continentscountriescities_City,2019-12-10T18:44:48.418Z,Relation,Continentscountriescities_Language,Poland,bejQecXKxm,Relation,Continentscountriescities_Subdivisions_States_Provinces,Relation,Timezone_Time_Zones_Dataset,2020-04-13T18:16:51.222Z
63e1a19f3b5317047d49257f,Relation,Continentscountriescities_City,2019-12-11T04:25:09.327Z,Relation,Continentscountriescities_Language,Seychelles,vRMloHTZn5,Relation,Continentscountriescities_Subdivisions_States_Provinces,Relation,Timezone_Time_Zones_Dataset,2020-04-13T18:16:25.885Z
63e1a19f3b5317047d492580,Relation,Continentscountriescities_City,2019-12-12T02:18:16.186Z,Relation,Continentscountriescities_Language,South Africa,LQBwxAvUsE,Relation,Continentscountriescities_Subdivisions_States_Provinces,Relation,Timezone_Time_Zones_Dataset,2020-04-13T18:16:59.713Z
63e1a19f3b5317047d492581,Relation,Continentscountriescities_City,2019-12-10T20:39:09.339Z,Relation,Continentscountriescities_Language,Saint Pierre and Miquelon,iiFNu3iWEe,Relation,Continentscountriescities_Subdivisions_States_Provinces,Relation,Timezone_Time_Zones_Dataset,2020-04-13T18:18:36.883Z
63e1a19f3b5317047d492582,Relation,Continentscountriescities_City,2019-12-10T14:16:03.151Z,Relation,Continentscountriescities_Language,Oman,ta4EmTNWmu,Relation,Continentscountriescities_Subdivisions_States_Provinces,Relation,Timezone_Time_Zones_Dataset,2020-04-13T18:16:28.668Z
63e1a19f3b5317047d492583,Relation,Continentscountriescities_City,2019-12-10T14:16:18.319Z,Relation,Continentscountriescities_Language,Panama,fjNf3u1Mx1,Relation,Continentscountriescities_Subdivisions_States_Provinces,Relation,Timezone_Time_Zones_Dataset,2020-04-13T18:19:07.011Z
63e1a19f3b5317047d492584,Relation,Continentscountriescities_City,2019-12-11T04:24:58.958Z,Relation,Continentscountriescities_Language,Solomon Islands,7LyrWI5wCC,Relation,Continentscountriescities_Subdivisions_States_Provinces,Relation,Timezone_Time_Zones_Dataset,2020-04-13T18:17:39.841Z
63e1a19f3b5317047d492585,Relation,Continentscountriescities_City,2019-12-10T10:25:31.882Z,Relation,Continentscountriescities_Language,Mauritius,cxnFBlqeWx,Relation,Continentscountriescities_Subdivisions_States_Provinces,Relation,Timezone_Time_Zones_Dataset,2020-04-13T18:16:57.524Z
63e1a19f3b5317047d492586,Relation,Continentscountriescities_City,2019-12-10T10:24:47.112Z,Relation,Continentscountriescities_Language,Mauritania,1hYnFHML5d,Relation,Continentscountriescities_Subdivisions_States_Provinces,Relation,Timezone_Time_Zones_Dataset,2020-04-13T18:17:55.573Z
63e1a19f3b5317047d492587,Relation,Continentscountriescities_City,2019-12-11T04:25:56.570Z,Relation,Continentscountriescities_Language,Sweden,220UohZbeo,Relation,Continentscountriescities_Subdivisions_States_Provinces,Relation,Timezone_Time_Zones_Dataset,2020-04-13T18:18:12.033Z
63e1a19f3b5317047d492588,Relation,Continentscountriescities_City,2019-12-11T04:25:20.966Z,Relation,Continentscountriescities_Language,Sudan,uPVdFzQ71M,Relation,Continentscountriescities_Subdivisions_States_Provinces,Relation,Timezone_Time_Zones_Dataset,2020-04-13T18:16:37.091Z
63e1a19f3b5317047d492589,Relation,Continentscountriescities_City,2019-12-10T12:48:20.971Z,Relation,Continentscountriescities_Language,Niger,lpk34LaX1T,Relation,Continentscountriescities_Subdivisions_States_Provinces,Relation,Timezone_Time_Zones_Dataset,2020-04-13T18:18:02.019Z
63e1a19f3b5317047d49258a,Relation,Continentscountriescities_City,2019-12-11T05:05:28.816Z,Relation,Continentscountriescities_Language,French Southern Territories,9yGMMYfLDC,Relation,Continentscountriescities_Subdivisions_States_Provinces,Relation,Timezone_Time_Zones_Dataset,2020-04-13T18:17:14.736Z
63e1a19f3b5317047d49258b,Relation,Continentscountriescities_City,2019-12-10T21:13:36.847Z,Relation,Continentscountriescities_Language,Palau,9r4GHFt1Gt,Relation,Continentscountriescities_Subdivisions_States_Provinces,Relation,Timezone_Time_Zones_Dataset,2020-04-13T18:17:16.859Z
63e1a19f3b5317047d49258c,Relation,Continentscountriescities_City,2019-12-10T21:15:07.602Z,Relation,Continentscountriescities_Language,Qatar,fadJTpiTZO,Relation,Continentscountriescities_Subdivisions_States_Provinces,Relation,Timezone_Time_Zones_Dataset,2020-04-13T18:16:29.391Z
63e1a19f3b5317047d49258d,Relation,Continentscountriescities_City,2019-12-11T04:48:37.942Z,Relation,Continentscountriescities_Language,Slovenia,oQQC8mAbuz,Relation,Continentscountriescities_Subdivisions_States_Provinces,Relation,Timezone_Time_Zones_Dataset,2020-04-13T18:18:27.079Z
63e1a19f3b5317047d49258e,Relation,Continentscountriescities_City,2019-12-10T13:56:16.055Z,Relation,Continentscountriescities_Language,Norway,T6MXJLAUjG,Relation,Continentscountriescities_Subdivisions_States_Provinces,Relation,Timezone_Time_Zones_Dataset,2020-04-13T18:18:24.177Z
63e1a19f3b5317047d49258f,Relation,Continentscountriescities_City,2019-12-10T21:15:30.722Z,Relation,Continentscountriescities_Language,Romania,5QOfVVtfWk,Relation,Continentscountriescities_Subdivisions_States_Provinces,Relation,Timezone_Time_Zones_Dataset,2020-04-13T18:16:51.920Z
63e1a19f3b5317047d492590,Relation,Continentscountriescities_City,2019-12-10T10:24:57.862Z,Relation,Continentscountriescities_Language,Montserrat,zowYF6xHFj,Relation,Continentscountriescities_Subdivisions_States_Provinces,Relation,Timezone_Time_Zones_Dataset,2020-04-13T18:18:55.661Z
63e1a19f3b5317047d492591,Relation,Continentscountriescities_City,2019-12-10T10:19:13.726Z,Relation,Continentscountriescities_Language,Myanmar [Burma],cz9fi68eVU,Relation,Continentscountriescities_Subdivisions_States_Provinces,Relation,Timezone_Time_Zones_Dataset,2020-04-13T18:17:11.655Z
63e1a19f3b5317047d492592,Relation,Continentscountriescities_City,2019-12-11T04:59:05.049Z,Relation,Continentscountriescities_Language,Sint Maarten,nc6YPq9LzZ,Relation,Continentscountriescities_Subdivisions_States_Provinces,Relation,Timezone_Time_Zones_Dataset,2020-04-13T18:19:28.759Z
63e1a19f3b5317047d492593,Relation,Continentscountriescities_City,2019-12-11T05:37:04.132Z,Relation,Continentscountriescities_Language,Tokelau,xxYK5gIxUh,Relation,Continentscountriescities_Subdivisions_States_Provinces,Relation,Timezone_Time_Zones_Dataset,2020-04-13T18:19:15.529Z
63e1a19f3b5317047d492594,Relation,Continentscountriescities_City,2019-12-11T08:14:17.654Z,Relation,Continentscountriescities_Language,United States,BXkZTl2omc,Relation,Continentscountriescities_Subdivisions_States_Provinces,Relation,Timezone_Time_Zones_Dataset,2020-04-13T18:19:25.532Z
63e1a19f3b5317047d492595,Relation,Continentscountriescities_City,2019-12-10T13:13:44.298Z,Relation,Continentscountriescities_Language,Nicaragua,sCGe1vsv7x,Relation,Continentscountriescities_Subdivisions_States_Provinces,Relation,Timezone_Time_Zones_Dataset,2020-04-13T18:19:02.797Z
63e1a19f3b5317047d492596,Relation,Continentscountriescities_City,2019-12-10T14:32:51.766Z,Relation,Continentscountriescities_Language,Peru,8IhgzPlSIn,Relation,Continentscountriescities_Subdivisions_States_Provinces,Relation,Timezone_Time_Zones_Dataset,2020-04-13T18:19:11.467Z
63e1a19f3b5317047d492597,Relation,Continentscountriescities_City,2019-12-11T00:45:57.514Z,Relation,Continentscountriescities_Language,Russia,vg1c2CxgQ3,Relation,Continentscountriescities_Subdivisions_States_Provinces,Relation,Timezone_Time_Zones_Dataset,2020-04-13T18:17:33.562Z
63e1a19f3b5317047d492598,Relation,Continentscountriescities_City,2019-12-10T21:13:49.205Z,Relation,Continentscountriescities_Language,Paraguay,4GJnHdhGyv,Relation,Continentscountriescities_Subdivisions_States_Provinces,Relation,Timezone_Time_Zones_Dataset,2020-04-13T18:18:39.043Z
63e1a19f3b5317047d492599,Relation,Continentscountriescities_City,2019-12-11T07:09:56.814Z,Relation,Continentscountriescities_Language,Tuvalu,R9v6O9hXN8,Relation,Continentscountriescities_Subdivisions_States_Provinces,Relation,Timezone_Time_Zones_Dataset,2020-04-13T18:17:40.573Z
63e1a19f3b5317047d49259a,Relation,Continentscountriescities_City,2019-12-11T05:05:49.732Z,Relation,Continentscountriescities_Language,Thailand,k2lukc4AyV,Relation,Continentscountriescities_Subdivisions_States_Provinces,Relation,Timezone_Time_Zones_Dataset,2020-04-13T18:17:18.469Z
63e1a19f3b5317047d49259b,Relation,Continentscountriescities_City,2019-12-11T04:58:09.831Z,Relation,Continentscountriescities_Language,El Salvador,neXLLQcOcE,Relation,Continentscountriescities_Subdivisions_States_Provinces,Relation,Timezone_Time_Zones_Dataset,2020-04-13T18:19:00.600Z
63e1a19f3b5317047d49259c,Relation,Continentscountriescities_City,2019-12-11T04:48:21.290Z,Relation,Continentscountriescities_Language,Singapore,AnLxFNCcFS,Relation,Continentscountriescities_Subdivisions_States_Provinces,Relation,Timezone_Time_Zones_Dataset,2020-04-13T18:17:30.679Z
63e1a19f3b5317047d49259d,Relation,Continentscountriescities_City,2019-12-10T12:45:47.995Z,Relation,Continentscountriescities_Language,Malaysia,SHOmq2VQlZ,Relation,Continentscountriescities_Subdivisions_States_Provinces,Relation,Timezone_Time_Zones_Dataset,2020-04-13T18:17:22.991Z
63e1a19f3b5317047d49259e,Relation,Continentscountriescities_City,2019-12-11T00:36:25.337Z,Relation,Continentscountriescities_Language,Serbia,AqY4dkqJok,Relation,Continentscountriescities_Subdivisions_States_Provinces,Relation,Timezone_Time_Zones_Dataset,2020-04-13T18:19:26.953Z
63e1a19f3b5317047d49259f,Relation,Continentscountriescities_City,2019-12-11T04:23:59.118Z,Relation,Continentscountriescities_Language,Rwanda,vtGcP4T5wj,Relation,Continentscountriescities_Subdivisions_States_Provinces,Relation,Timezone_Time_Zones_Dataset,2020-04-13T18:16:14.744Z
63e1a19f3b5317047d4925a0,Relation,Continentscountriescities_City,2019-12-10T14:14:38.329Z,Relation,Continentscountriescities_Language,Niue,QJRUbL4g9z,Relation,Continentscountriescities_Subdivisions_States_Provinces,Relation,Timezone_Time_Zones_Dataset,2020-04-13T18:19:18.430Z
63e1a19f3b5317047d4925a1,Relation,Continentscountriescities_City,2019-12-11T04:56:26.918Z,Relation,Continentscountriescities_Language,San Marino,80T3vlLgy2,Relation,Continentscountriescities_Subdivisions_States_Provinces,Relation,Timezone_Time_Zones_Dataset,2020-04-13T18:18:25.582Z
63e1a19f3b5317047d4925a2,Relation,Continentscountriescities_City,2019-12-11T05:04:56.409Z,Relation,Continentscountriescities_Language,Turks and Caicos Islands,bzZECrPB6P,Relation,Continentscountriescities_Subdivisions_States_Provinces,Relation,Timezone_Time_Zones_Dataset,2020-04-13T18:18:52.926Z
63e1a19f3b5317047d4925a3,Relation,Continentscountriescities_City,2019-12-11T05:37:12.566Z,Relation,Continentscountriescities_Language,East Timor,uy6B519CzE,Relation,Continentscountriescities_Subdivisions_States_Provinces,Relation,Timezone_Time_Zones_Dataset,2020-04-13T18:17:32.052Z
63e1a19f3b5317047d4925a4,Relation,Continentscountriescities_City,2019-12-10T15:09:16.747Z,Relation,Continentscountriescities_Language,Philippines,pmnzGTREty,Relation,Continentscountriescities_Subdivisions_States_Provinces,Relation,Timezone_Time_Zones_Dataset,2020-04-13T18:17:22.128Z
63e1a19f3b5317047d4925a5,Relation,Continentscountriescities_City,2019-12-11T04:58:01.766Z,Relation,Continentscountriescities_Language,São Tomé and Príncipe,0fiEmgrqKa,Relation,Continentscountriescities_Subdivisions_States_Provinces,Relation,Timezone_Time_Zones_Dataset,2020-04-13T18:17:58.371Z
63e1a19f3b5317047d4925a6,Relation,Continentscountriescities_City,2019-12-11T04:48:29.226Z,Relation,Continentscountriescities_Language,Saint Helena,S4rLvSxvNl,Relation,Continentscountriescities_Subdivisions_States_Provinces,Relation,Timezone_Time_Zones_Dataset,2020-04-13T18:18:31.765Z
63e1a19f3b5317047d4925a7,Relation,Continentscountriescities_City,2019-12-10T18:32:03.867Z,Relation,Continentscountriescities_Language,Pakistan,YE4pRFqDqA,Relation,Continentscountriescities_Subdivisions_States_Provinces,Relation,Timezone_Time_Zones_Dataset,2020-04-13T18:17:03.617Z
63e1a19f3b5317047d4925a8,Relation,Continentscountriescities_City,2019-12-11T05:37:25.271Z,Relation,Continentscountriescities_Language,Turkmenistan,qURMHRB5Bh,Relation,Continentscountriescities_Subdivisions_States_Provinces,Relation,Timezone_Time_Zones_Dataset,2020-04-13T18:17:05.402Z
63e1a19f3b5317047d4925a9,Relation,Continentscountriescities_City,2019-12-11T05:39:22.463Z,Relation,Continentscountriescities_Language,Tonga,jYnYAs4gVv,Relation,Continentscountriescities_Subdivisions_States_Provinces,Relation,Timezone_Time_Zones_Dataset,2020-04-13T18:19:16.274Z
63e1a19f3b5317047d4925aa,Relation,Continentscountriescities_City,2019-12-11T07:15:53.056Z,Relation,Continentscountriescities_Language,Ukraine,CzhIuuHOMH,Relation,Continentscountriescities_Subdivisions_States_Provinces,Relation,Timezone_Time_Zones_Dataset,2020-04-13T18:16:47.379Z
63e1a19f3b5317047d4925ab,Relation,Continentscountriescities_City,2019-12-11T04:54:02.242Z,Relation,Continentscountriescities_Language,Slovakia,2PuVugMMXs,Relation,Continentscountriescities_Subdivisions_States_Provinces,Relation,Timezone_Time_Zones_Dataset,2020-04-13T18:18:22.407Z
63e1a19f3b5317047d4925ac,Relation,Continentscountriescities_City,2019-12-10T15:08:57.610Z,Relation,Continentscountriescities_Language,Papua New Guinea,uonlBdxrxQ,Relation,Continentscountriescities_Subdivisions_States_Provinces,Relation,Timezone_Time_Zones_Dataset,2020-04-13T18:17:38.915Z
63e1a19f3b5317047d4925ad,Relation,Continentscountriescities_City,2019-12-11T07:10:26.682Z,Relation,Continentscountriescities_Language,Tanzania,UIOtsTw0oX,Relation,Continentscountriescities_Subdivisions_States_Provinces,Relation,Timezone_Time_Zones_Dataset,2020-04-13T18:16:19.996Z
63e1a19f3b5317047d4925ae,Relation,Continentscountriescities_City,2019-12-10T20:39:17.002Z,Relation,Continentscountriescities_Language,Pitcairn Islands,wo6WYeq2XC,Relation,Continentscountriescities_Subdivisions_States_Provinces,Relation,Timezone_Time_Zones_Dataset,2020-04-13T18:19:13.999Z
63e1a19f3b5317047d4925af,Relation,Continentscountriescities_City,2019-12-11T04:55:42.883Z,Relation,Continentscountriescities_Language,Sierra Leone,xzEkRDMtUU,Relation,Continentscountriescities_Subdivisions_States_Provinces,Relation,Timezone_Time_Zones_Dataset,2020-04-13T18:17:57.700Z
63e1a19f3b5317047d4925b0,Relation,Continentscountriescities_City,2019-12-12T01:25:16.651Z,Relation,Continentscountriescities_Language,Venezuela,RJHFlkiRRU,Relation,Continentscountriescities_Subdivisions_States_Provinces,Relation,Timezone_Time_Zones_Dataset,2020-04-13T18:19:04.483Z
63e1a19f3b5317047d4925b1,Relation,Continentscountriescities_City,2019-12-11T04:59:13.115Z,Relation,Continentscountriescities_Language,Syria,aCjqJX3che,Relation,Continentscountriescities_Subdivisions_States_Provinces,Relation,Timezone_Time_Zones_Dataset,2020-04-13T18:16:20.729Z
63e1a19f3b5317047d4925b2,Relation,Continentscountriescities_City,2019-12-11T07:09:42.274Z,Relation,Continentscountriescities_Language,Trinidad and Tobago,CseuLCM1Du,Relation,Continentscountriescities_Subdivisions_States_Provinces,Relation,Timezone_Time_Zones_Dataset,2020-04-13T18:18:49.355Z
63e1a19f3b5317047d4925b3,Relation,Continentscountriescities_City,2019-12-12T02:34:45.198Z,Relation,Continentscountriescities_Language,Zimbabwe,hvaqvemFp8,Relation,Continentscountriescities_Subdivisions_States_Provinces,Relation,Timezone_Time_Zones_Dataset,2020-04-13T18:16:53.318Z
63e1a19f3b5317047d4925b4,Relation,Continentscountriescities_City,2019-12-11T04:53:54.262Z,Relation,Continentscountriescities_Language,Svalbard and Jan Mayen,HmcygKfUvr,Relation,Continentscountriescities_Subdivisions_States_Provinces,Relation,Timezone_Time_Zones_Dataset,2020-04-13T18:16:42.512Z
63e1a19f3b5317047d4925b5,Relation,Continentscountriescities_City,2019-12-11T05:05:36.854Z,Relation,Continentscountriescities_Language,Togo,LlF4qcKuXw,Relation,Continentscountriescities_Subdivisions_States_Provinces,Relation,Timezone_Time_Zones_Dataset,2020-04-13T18:17:53.838Z
63e1a19f3b5317047d4925b6,Relation,Continentscountriescities_City,2019-12-12T01:40:16.158Z,Relation,Continentscountriescities_Language,Vietnam,MFNxWtOZIm,Relation,Continentscountriescities_Subdivisions_States_Provinces,Relation,Timezone_Time_Zones_Dataset,2020-04-13T18:17:17.672Z
63e1a19f3b5317047d4925b7,Relation,Continentscountriescities_City,2019-12-11T04:56:36.294Z,Relation,Continentscountriescities_Language,Senegal,loX389odU1,Relation,Continentscountriescities_Subdivisions_States_Provinces,Relation,Timezone_Time_Zones_Dataset,2020-04-13T18:17:47.227Z
63e1a19f3b5317047d4925b8,Relation,Continentscountriescities_City,2019-12-10T21:15:18.337Z,Relation,Continentscountriescities_Language,Réunion,ZRHFFbzHPq,Relation,Continentscountriescities_Subdivisions_States_Provinces,Relation,Timezone_Time_Zones_Dataset,2020-04-13T18:16:58.958Z
63e1a19f3b5317047d4925b9,Relation,Continentscountriescities_City,2019-12-11T04:57:33.894Z,Relation,Continentscountriescities_Language,Suriname,iNVlDu9rb9,Relation,Continentscountriescities_Subdivisions_States_Provinces,Relation,Timezone_Time_Zones_Dataset,2020-04-13T18:18:36.201Z
63e1a19f3b5317047d4925ba,Relation,Continentscountriescities_City,2019-12-11T08:14:12.164Z,Relation,Continentscountriescities_Language,U.S. Minor Outlying Islands,9noh09Cgce,Relation,Continentscountriescities_Subdivisions_States_Provinces,Relation,Timezone_Time_Zones_Dataset,2020-04-13T18:19:22.073Z
63e1a19f3b5317047d4925bb,Relation,Continentscountriescities_City,2019-12-12T01:22:01.034Z,Relation,Continentscountriescities_Language,Uzbekistan,E4wHs4HoxE,Relation,Continentscountriescities_Subdivisions_States_Provinces,Relation,Timezone_Time_Zones_Dataset,2020-04-13T18:17:12.450Z
63e1a19f3b5317047d4925bc,Relation,Continentscountriescities_City,2019-12-12T01:24:58.858Z,Relation,Continentscountriescities_Language,Vatican City,HkXpCV8aEI,Relation,Continentscountriescities_Subdivisions_States_Provinces,Relation,Timezone_Time_Zones_Dataset,2020-04-13T18:18:24.862Z
63e1a19f3b5317047d4925bd,Relation,Continentscountriescities_City,2019-12-12T02:09:18.894Z,Relation,Continentscountriescities_Language,Vanuatu,z3FhnVKZEk,Relation,Continentscountriescities_Subdivisions_States_Provinces,Relation,Timezone_Time_Zones_Dataset,2020-04-13T18:17:42.029Z
63e1a19f3b5317047d4925be,Relation,Continentscountriescities_City,2019-12-11T04:57:44.657Z,Relation,Continentscountriescities_Language,South Sudan,ICkEMQPTMM,Relation,Continentscountriescities_Subdivisions_States_Provinces,Relation,Timezone_Time_Zones_Dataset,2020-04-13T18:19:30.922Z
63e1a19f3b5317047d4925bf,Relation,Continentscountriescities_City,2019-12-12T01:40:07.122Z,Relation,Continentscountriescities_Language,U.S. Virgin Islands,qMGd0YmE4G,Relation,Continentscountriescities_Subdivisions_States_Provinces,Relation,Timezone_Time_Zones_Dataset,2020-04-13T18:19:21.362Z
63e1a19f3b5317047d4925c0,Relation,Continentscountriescities_City,2019-12-12T01:25:06.482Z,Relation,Continentscountriescities_Language,Saint Vincent and the Grenadines,SaCgGB3Wn9,Relation,Continentscountriescities_Subdivisions_States_Provinces,Relation,Timezone_Time_Zones_Dataset,2020-04-13T18:18:54.990Z
63e1a19f3b5317047d4925c1,Relation,Continentscountriescities_City,2019-12-11T05:04:43.362Z,Relation,Continentscountriescities_Language,Swaziland,uVLeKcyCeh,Relation,Continentscountriescities_Subdivisions_States_Provinces,Relation,Timezone_Time_Zones_Dataset,2020-04-13T18:16:58.207Z
63e1a19f3b5317047d4925c2,Relation,Continentscountriescities_City,2019-12-11T05:36:17.458Z,Relation,Continentscountriescities_Language,Tajikistan,temdDhXHMy,Relation,Continentscountriescities_Subdivisions_States_Provinces,Relation,Timezone_Time_Zones_Dataset,2020-04-13T18:17:06.084Z
63e1a19f3b5317047d4925c3,Relation,Continentscountriescities_City,2019-12-12T02:09:38.686Z,Relation,Continentscountriescities_Language,Samoa,FgCSmJ0kEH,Relation,Continentscountriescities_Subdivisions_States_Provinces,Relation,Timezone_Time_Zones_Dataset,2020-04-13T18:19:17.699Z
63e1a19f3b5317047d4925c4,Relation,Continentscountriescities_City,2019-12-11T05:39:32.070Z,Relation,Continentscountriescities_Language,Turkey,r1dBFhG3I7,Relation,Continentscountriescities_Subdivisions_States_Provinces,Relation,Timezone_Time_Zones_Dataset,2020-04-13T18:16:34.039Z
63e1a19f3b5317047d4925c5,Relation,Continentscountriescities_City,2019-12-11T05:05:05.862Z,Relation,Continentscountriescities_Language,Chad,8lQ5LYAawJ,Relation,Continentscountriescities_Subdivisions_States_Provinces,Relation,Timezone_Time_Zones_Dataset,2020-04-13T18:18:01.209Z
63e1a19f3b5317047d4925c6,Relation,Continentscountriescities_City,2019-12-12T02:10:31.538Z,Relation,Continentscountriescities_Language,Yemen,9tt1nNL4xu,Relation,Continentscountriescities_Subdivisions_States_Provinces,Relation,Timezone_Time_Zones_Dataset,2020-04-13T18:16:16.175Z
63e1a19f3b5317047d4925c7,Relation,Continentscountriescities_City,2019-12-11T07:10:06.622Z,Relation,Continentscountriescities_Language,Taiwan,UnNh8r7cvJ,Relation,Continentscountriescities_Subdivisions_States_Provinces,Relation,Timezone_Time_Zones_Dataset,2020-04-13T18:17:21.168Z
63e1a19f3b5317047d4925c8,Relation,Continentscountriescities_City,2019-12-11T08:12:37.202Z,Relation,Continentscountriescities_Language,Uganda,VrjHD4Le7A,Relation,Continentscountriescities_Subdivisions_States_Provinces,Relation,Timezone_Time_Zones_Dataset,2020-04-13T18:16:24.444Z
63e1a19f3b5317047d4925c9,Relation,Continentscountriescities_City,2019-12-12T02:17:52.394Z,Relation,Continentscountriescities_Language,Mayotte,987PhBD5EQ,Relation,Continentscountriescities_Subdivisions_States_Provinces,Relation,Timezone_Time_Zones_Dataset,2020-04-13T18:17:00.394Z
63e1a19f3b5317047d4925ca,Relation,Continentscountriescities_City,2019-12-11T05:37:41.838Z,Relation,Continentscountriescities_Language,Tunisia,6FCCfIIcf0,Relation,Continentscountriescities_Subdivisions_States_Provinces,Relation,Timezone_Time_Zones_Dataset,2020-04-13T18:18:04.164Z
63e1a19f3b5317047d4925cb,Relation,Continentscountriescities_City,2019-12-12T01:20:25.534Z,Relation,Continentscountriescities_Language,Uruguay,R0GyWd9YXw,Relation,Continentscountriescities_Subdivisions_States_Provinces,Relation,Timezone_Time_Zones_Dataset,2020-04-13T18:18:40.019Z
63e1a19f3b5317047d4925cc,Relation,Continentscountriescities_City,2019-12-12T02:09:28.914Z,Relation,Continentscountriescities_Language,Wallis and Futuna,t6iLvc2Vki,Relation,Continentscountriescities_Subdivisions_States_Provinces,Relation,Timezone_Time_Zones_Dataset,2020-04-13T18:19:16.981Z
63e1a19f3b5317047d4925cd,Relation,Continentscountriescities_City,2019-12-12T01:39:58.035Z,Relation,Continentscountriescities_Language,British Virgin Islands,mNiifJ3CK4,Relation,Continentscountriescities_Subdivisions_States_Provinces,Relation,Timezone_Time_Zones_Dataset,2020-04-13T18:18:54.307Z
63e1a19f3b5317047d4925ce,Relation,Continentscountriescities_City,2019-12-12T02:09:56.346Z,Relation,Continentscountriescities_Language,Kosovo,IAwJVS7NjJ,Relation,Continentscountriescities_Subdivisions_States_Provinces,Relation,Timezone_Time_Zones_Dataset,2020-04-13T18:16:52.616Z
63e1a19f3b5317047d4925cf,Relation,Continentscountriescities_City,2019-12-12T02:34:00.175Z,Relation,Continentscountriescities_Language,Zambia,Hf8Po3Jb1p,Relation,Continentscountriescities_Subdivisions_States_Provinces,Relation,Timezone_Time_Zones_Dataset,2020-04-13T18:16:54.050Z